iter	Logloss
0	0.6801878249
1	0.6675605229
2	0.6555540869
3	0.6436282013
4	0.6326448743
5	0.6224048186
6	0.6125276461
7	0.603139995
8	0.594580327
9	0.5859231177
10	0.5780392908
11	0.5701878259
12	0.563369854
13	0.5563321372
14	0.5497219106
15	0.5435162758
16	0.5375780852
17	0.5318815521
18	0.5265262406
19	0.5217978304
20	0.5170644932
21	0.5123227783
22	0.5080402289
23	0.5035149396
24	0.4996314197
25	0.4958639228
26	0.4919609982
27	0.4888687533
28	0.4855040167
29	0.482271101
